dataset,segment_selection_mode,selected_by,selected_chunk_size,mean_val_f1,mean_test_f1,mean_point_f1_fixed,mean_runtime_sec,mean_token_count_detection,mean_prompt_rows,n_repeats
88cf3a776ba00e7c,fixed,mean_val_f1,2500,0.278238610114468,0.3062184890679054,0.29136191119616545,217.57638589541116,26731.0,2500.0,3
88cf3a776ba00e7c,evidence,mean_val_f1,5000,0.25689200553695424,0.6332988098872444,0.6066432331598779,161.5927596092224,14284.666666666666,1250.0,3
9ee5879409dccef9,fixed,mean_val_f1,2500,0.31379871049885394,0.40282179537731055,0.3744513908019385,279.36287744839984,26649.333333333332,2500.0,3
9ee5879409dccef9,evidence,mean_val_f1,1000,0.2273705833350612,0.20445344019778136,0.20332365369719602,74.22042373816173,4231.166666666667,250.0,6
